Ticker,Weight
NVDA,7.73%
AAPL,6.85%
MSFT,6.13%
AMZN,3.83%
GOOGL,3.11%
AVGO,2.79%
GOOG,2.49%
META,2.45%
TSLA,2.16%
BRK.B,1.57%
LLY,1.46%
JPM,1.43%
V,0.99%
XOM,0.87%
JNJ,0.85%
WMT,0.83%
MA,0.80%
PLTR,0.69%
ABBV,0.69%
NFLX,0.68%
COST,0.65%
BAC,0.61%
AMD,0.59%
HD,0.58%
PG,0.57%
ORCL,0.56%
GE,0.55%
MU,0.55%
CSCO,0.52%
UNH,0.51%
WFC,0.50%
CVX,0.49%
IBM,0.47%
KO,0.46%
CAT,0.46%
MRK,0.45%
GS,0.43%
CRM,0.43%
PM,0.43%
RTX,0.42%
ABT,0.37%
TMO,0.37%
MCD,0.37%
LRCX,0.37%
MS,0.37%
AMAT,0.35%
DIS,0.35%
ISRG,0.34%
C,0.34%
LIN,0.34%
AXP,0.34%
PEP,0.33%
INTU,0.32%
QCOM,0.31%
APP,0.31%
GEV,0.30%
AMGN,0.30%
T,0.30%
BKNG,0.29%
VZ,0.29%
TJX,0.29%
BA,0.29%
UBER,0.29%
NEE,0.29%
SCHW,0.28%
ACN,0.28%
INTC,0.28%
APH,0.28%
SPGI,0.28%
KLAC,0.27%
NOW,0.27%
TXN,0.27%
BLK,0.26%
COF,0.26%
GILD,0.26%
ADBE,0.25%
DHR,0.25%
PFE,0.24%
BSX,0.24%
UNP,0.23%
ANET,0.23%
LOW,0.23%
PGR,0.23%
ADI,0.23%
WELL,0.22%
PANW,0.21%
HON,0.21%
ETN,0.21%
MDT,0.21%
SYK,0.21%
PLD,0.20%
CRWD,0.20%
DE,0.20%
COP,0.20%
VRTX,0.20%
CB,0.19%
BX,0.19%
PH,0.19%
CEG,0.19%
BMY,0.19%
NEM,0.19%
CMCSA,0.19%
ADP,0.18%
MCK,0.17%
CVS,0.17%
LMT,0.17%
CME,0.17%
TMUS,0.17%
MO,0.17%
SO,0.16%
SBUX,0.16%
ICE,0.16%
DUK,0.16%
MMC,0.16%
HOOD,0.15%
KKR,0.15%
SNPS,0.15%
TT,0.15%
GD,0.15%
CDNS,0.15%
MMM,0.15%
DASH,0.14%
CRH,0.14%
USB,0.14%
HWM,0.14%
AMT,0.14%
PNC,0.14%
WM,0.14%
BK,0.14%
MCO,0.13%
ELV,0.13%
REGN,0.13%
ORLY,0.13%
NOC,0.13%
GM,0.13%
AON,0.13%
NKE,0.13%
EQIX,0.13%
TDG,0.13%
SHW,0.13%
HCA,0.13%
EMR,0.13%
CI,0.13%
WMB,0.13%
UPS,0.13%
JCI,0.12%
FCX,0.12%
WBD,0.12%
RCL,0.12%
CMI,0.12%
MDLZ,0.12%
MAR,0.12%
GLW,0.12%
CSX,0.12%
APO,0.11%
TEL,0.11%
ECL,0.11%
HLT,0.11%
AJG,0.11%
COR,0.11%
ITW,0.11%
NSC,0.11%
TRV,0.11%
CTAS,0.11%
MSI,0.11%
CL,0.11%
ADSK,0.11%
TFC,0.11%
PWR,0.11%
FDX,0.11%
AEP,0.11%
SPG,0.10%
STX,0.10%
CVNA,0.10%
WDC,0.10%
ROST,0.10%
ABNB,0.10%
SRE,0.10%
PCAR,0.10%
SLB,0.10%
EOG,0.10%
AZO,0.10%
BDX,0.09%
ZTS,0.09%
APD,0.09%
LHX,0.09%
MNST,0.09%
NXPI,0.09%
ALL,0.09%
IDXX,0.09%
KMI,0.09%
AFL,0.09%
PSX,0.09%
O,0.09%
COIN,0.09%
URI,0.09%
VST,0.09%
F,0.09%
FTNT,0.09%
D,0.09%
DLR,0.09%
VLO,0.08%
EW,0.08%
PYPL,0.08%
CMG,0.08%
MPC,0.08%
CAH,0.08%
ROP,0.08%
AME,0.08%
CBRE,0.08%
WDAY,0.08%
OKE,0.08%
AIG,0.08%
FAST,0.08%
EA,0.08%
AMP,0.08%
CTVA,0.08%
DAL,0.08%
BKR,0.08%
AXON,0.08%
TTWO,0.08%
TGT,0.08%
DDOG,0.08%
GWW,0.08%
EXC,0.08%
NDAQ,0.07%
MET,0.07%
XEL,0.07%
ROK,0.07%
MPWR,0.07%
MSCI,0.07%
RSG,0.07%
YUM,0.07%
CARR,0.07%
ETR,0.07%
PSA,0.07%
PEG,0.07%
CTSH,0.07%
FICO,0.07%
TRGP,0.07%
PRU,0.07%
DHI,0.07%
EBAY,0.07%
CCI,0.07%
A,0.07%
HIG,0.07%
IQV,0.07%
KDP,0.06%
DELL,0.06%
VMC,0.06%
MLM,0.06%
GEHC,0.06%
NUE,0.06%
WAB,0.06%
VTR,0.06%
PAYX,0.06%
UAL,0.06%
STT,0.06%
ED,0.06%
XYZ,0.06%
KR,0.06%
PCG,0.06%
SYY,0.06%
RMD,0.06%
KEYS,0.06%
CPRT,0.06%
ACGL,0.06%
MCHP,0.06%
FIS,0.06%
WEC,0.06%
OTIS,0.06%
KMB,0.06%
EQT,0.06%
ARES,0.06%
GRMN,0.06%
CCL,0.06%
XYL,0.06%
EXPE,0.06%
SNDK,0.06%
KVUE,0.06%
FIX,0.06%
HPE,0.05%
WTW,0.05%
VRSK,0.05%
MTB,0.05%
FITB,0.05%
HUM,0.05%
NRG,0.05%
TER,0.05%
SYF,0.05%
OXY,0.05%
DG,0.05%
ODFL,0.05%
IBKR,0.05%
CSGP,0.05%
IR,0.05%
MTD,0.05%
RJF,0.05%
FSLR,0.05%
FANG,0.05%
EXR,0.05%
ADM,0.05%
VICI,0.05%
EME,0.05%
HBAN,0.05%
ULTA,0.05%
AEE,0.05%
HSY,0.05%
ATO,0.05%
DTE,0.05%
DOV,0.05%
EFX,0.05%
TSCO,0.05%
EXE,0.04%
CBOE,0.04%
TPR,0.04%
BR,0.04%
PPL,0.04%
DXCM,0.04%
NTRS,0.04%
BIIB,0.04%
OMC,0.04%
EL,0.04%
AVB,0.04%
FISV,0.04%
CINF,0.04%
AWK,0.04%
ES,0.04%
CFG,0.04%
CNP,0.04%
STE,0.04%
GIS,0.04%
VLTO,0.04%
IRM,0.04%
JBL,0.04%
TDY,0.04%
HAL,0.04%
RF,0.04%
HUBB,0.04%
BRO,0.04%
DLTR,0.04%
FE,0.04%
STLD,0.04%
EIX,0.04%
LDOS,0.04%
PPG,0.04%
DVN,0.04%
PHM,0.04%
WAT,0.04%
LYV,0.04%
LULU,0.04%
TROW,0.04%
LEN,0.04%
EQR,0.04%
ON,0.04%
WSM,0.04%
DRI,0.04%
LUV,0.04%
CMS,0.04%
WRB,0.04%
CPAY,0.04%
PTC,0.04%
HPQ,0.04%
LH,0.04%
IP,0.04%
NTAP,0.04%
KHC,0.04%
SBAC,0.04%
NVR,0.03%
VRSN,0.03%
SW,0.03%
CHD,0.03%
CTRA,0.03%
PODD,0.03%
EXPD,0.03%
NI,0.03%
WST,0.03%
LVS,0.03%
TYL,0.03%
STZ,0.03%
DGX,0.03%
AMCR,0.03%
CNC,0.03%
KEY,0.03%
CHRW,0.03%
TRMB,0.03%
PKG,0.03%
CHTR,0.03%
IT,0.03%
SNA,0.03%
L,0.03%
ZBH,0.03%
CDW,0.03%
PFG,0.03%
ROL,0.03%
FTV,0.03%
IFF,0.03%
MKC,0.03%
GPC,0.03%
Q,0.03%
WY,0.03%
PNR,0.03%
ESS,0.03%
DD,0.03%
GDDY,0.03%
LNT,0.03%
TTD,0.03%
EVRG,0.03%
ALB,0.03%
TPL,0.03%
DOW,0.03%
TSN,0.03%
HOLX,0.03%
APTV,0.03%
INCY,0.03%
COO,0.03%
MAA,0.03%
J,0.03%
INVH,0.03%
LII,0.03%
TXT,0.03%
GEN,0.03%
FOXA,0.03%
DECK,0.03%
FFIV,0.03%
SMCI,0.03%
JBHT,0.02%
VTRS,0.02%
EG,0.02%
BALL,0.02%
AVY,0.02%
GPN,0.02%
TKO,0.02%
KIM,0.02%
ALLE,0.02%
RL,0.02%
HII,0.02%
IEX,0.02%
JKHY,0.02%
MAS,0.02%
BBY,0.02%
DPZ,0.02%
NDSN,0.02%
AKAM,0.02%
ZBRA,0.02%
CLX,0.02%
CF,0.02%
AIZ,0.02%
BG,0.02%
UHS,0.02%
CPT,0.02%
IVZ,0.02%
SOLV,0.02%
SWK,0.02%
BLDR,0.02%
REG,0.02%
HST,0.02%
EPAM,0.02%
DOC,0.02%
LYB,0.02%
GL,0.02%
DAY,0.02%
UDR,0.02%
RVTY,0.02%
HAS,0.02%
FDS,0.02%
PNW,0.02%
SJM,0.02%
ALGN,0.02%
MRNA,0.02%
AES,0.02%
NCLH,0.02%
WYNN,0.02%
BXP,0.02%
NWSA,0.02%
CRL,0.02%
BAX,0.02%
FOX,0.02%
SWKS,0.02%
TECH,0.02%
MOH,0.02%
APA,0.01%
CAG,0.01%
GNRC,0.01%
FRT,0.01%
TAP,0.01%
PAYC,0.01%
MOS,0.01%
MTCH,0.01%
ARE,0.01%
AOS,0.01%
HSIC,0.01%
POOL,0.01%
MGM,0.01%
BEN,0.01%
ERIE,0.01%
HRL,0.01%